,Unnamed: 0,author_id,created_at,edit_history_tweet_ids,id,public_metrics,text,likecount
0,0,40349928,2022-10-20 01:38:18+00:00,[1582909037137768449],1582909037137768449,"{'retweet_count': 0, 'reply_count': 0, 'like_count': 0, 'quote_count': 0}","@CrazyZane1 That's frustrating, we're sorry this happened. Send us a DM? https://t.co/nIi0t6hUyP",0
1,1,40349928,2022-10-20 01:00:07+00:00,[1582899430197719042],1582899430197719042,"{'retweet_count': 0, 'reply_count': 0, 'like_count': 0, 'quote_count': 0}","@JMoneyyyy_ We do encourage you to contact the drive-in directly and ask to speak with the manager on duty, Jessica. We‚Äôre also happy to put you in contact with our customer care team if you‚Äôll send us a DM. https://t.co/nIi0t6hUyP",0
2,2,40349928,2022-10-20 00:35:34+00:00,[1582893252159868929],1582893252159868929,"{'retweet_count': 0, 'reply_count': 0, 'like_count': 0, 'quote_count': 0}","@ShaylaSams You're always welcome to contact the drive-in directly and share your feedback, Shayla. We‚Äôre also happy to connect you with our customer care team if you‚Äôll send us a DM. https://t.co/nIi0t6hUyP",0
3,3,40349928,2022-10-20 00:13:44+00:00,[1582887755733876736],1582887755733876736,"{'retweet_count': 0, 'reply_count': 0, 'like_count': 0, 'quote_count': 0}","@leahgolden5 We hate disappointing you, Leah! Have you already spoken with the drive-in about this? We‚Äôre also happy to put you in contact with our customer care team if you‚Äôll send us a DM. https://t.co/nIi0t6yXAP",0
4,4,40349928,2022-10-19 22:39:36+00:00,[1582864065289781248],1582864065289781248,"{'retweet_count': 0, 'reply_count': 1, 'like_count': 0, 'quote_count': 0}","@KayleighStahl Hi Kayleigh! The date on the side of the sauce cup is a manufacture date, not an expiration date. We hope this helps!",0
5,5,40349928,2022-10-19 21:27:40+00:00,[1582845963433291777],1582845963433291777,"{'retweet_count': 0, 'reply_count': 0, 'like_count': 0, 'quote_count': 0}",@PinUpPrncs We take food safety issues seriously. Please send us a DM so we can connect you with our customer care team. https://t.co/nIi0t6hUyP,0
6,6,40349928,2022-10-19 20:02:13+00:00,[1582824461471916032],1582824461471916032,"{'retweet_count': 0, 'reply_count': 0, 'like_count': 2, 'quote_count': 0}",@taylorhasissues We just get each otherü•∞,2
7,7,40349928,2022-10-19 18:35:00+00:00,[1582802512691593216],1582802512691593216,"{'retweet_count': 0, 'reply_count': 0, 'like_count': 0, 'quote_count': 0}","@Zamboni411 Oh no! Sorry we kept you waiting, Gage. We‚Äôd like to connect you with someone from our customer care team. Please DM us! https://t.co/nIi0t6yXAP",0
8,8,40349928,2022-10-19 17:14:09+00:00,[1582782166635024386],1582782166635024386,"{'retweet_count': 0, 'reply_count': 0, 'like_count': 0, 'quote_count': 0}",@higekieiyu We do encourage you to contact the drive-in directly and ask to speak with the manager on duty. We‚Äôre also happy to put you in contact with our customer care team if you‚Äôll send us a DM. https://t.co/nIi0t6hUyP,0
9,9,40349928,2022-10-19 17:00:00+00:00,[1582778604441591811],1582778604441591811,"{'retweet_count': 5, 'reply_count': 8, 'like_count': 46, 'quote_count': 0}",Raise your hand if you order in the app to avoid having to memorize your order before,46
10,10,40349928,2022-10-19 14:42:32+00:00,[1582744010090651648],1582744010090651648,"{'retweet_count': 0, 'reply_count': 0, 'like_count': 0, 'quote_count': 0}",@sweetsparklypot This isn't what we like to hear! Send us a DM so we can get you connected with our customer care team? https://t.co/nIi0t6yXAP,0
11,11,40349928,2022-10-18 20:37:13+00:00,[1582470881661575177],1582470881661575177,"{'retweet_count': 0, 'reply_count': 0, 'like_count': 0, 'quote_count': 0}",@MsChocolateKis We take food safety issues seriously. Please send us a DM so we can connect you with our customer care team. https://t.co/nIi0t6hmJh,0
12,12,40349928,2022-10-18 01:30:25+00:00,[1582182277412696065],1582182277412696065,"{'retweet_count': 0, 'reply_count': 0, 'like_count': 0, 'quote_count': 0}","@AyooNitaaa We‚Äôre so sorry to hear this! If you have any issues getting in contact with the store directly or speaking with a manager on duty, feel free to send us a DM and we‚Äôll get you connected with our customer care team. https://t.co/nIi0t6hUyP",0
13,13,40349928,2022-10-18 00:28:59+00:00,[1582166820533940224],1582166820533940224,"{'retweet_count': 0, 'reply_count': 1, 'like_count': 0, 'quote_count': 0}",@jgrayalldayy Hi Jeremy! We'll let our product development team know there's interest in bringing it back!,0
14,14,40349928,2022-10-17 23:33:24+00:00,[1582152829950918657],1582152829950918657,"{'retweet_count': 0, 'reply_count': 0, 'like_count': 0, 'quote_count': 0}",@jessneverjessie That is unacceptable and we apologize. Please send us a DM so we can put you in contact with our customer care team. https://t.co/nIi0t6hUyP,0
15,15,40349928,2022-10-17 23:32:44+00:00,[1582152662417436672],1582152662417436672,"{'retweet_count': 0, 'reply_count': 1, 'like_count': 0, 'quote_count': 0}",@Turfro We take food safety issues seriously. Please send us a DM so we can connect you with our customer care team. https://t.co/nIi0t6yXAP,0
16,16,40349928,2022-10-17 20:55:42+00:00,[1582113143886520320],1582113143886520320,"{'retweet_count': 0, 'reply_count': 0, 'like_count': 0, 'quote_count': 0}","@nicolehoffman_ Oh no! Thanks for letting us know, Nicole. We‚Äôd like to connect you with our customer care team. Please DM us! https://t.co/nIi0t6yXAP",0
17,17,40349928,2022-10-17 20:15:29+00:00,[1582103022405963777],1582103022405963777,"{'retweet_count': 0, 'reply_count': 1, 'like_count': 0, 'quote_count': 0}","@iCodyOnline We apologize for any frustration, Cody! We'll pass your feedback along to this drive-in.",0
18,18,40349928,2022-10-17 15:03:37+00:00,[1582024538753490944],1582024538753490944,"{'retweet_count': 0, 'reply_count': 0, 'like_count': 0, 'quote_count': 0}","@KKGG1208 Have you already contacted the drive-in, Karina? We‚Äôre also happy to connect you with our customer care team if you‚Äôll send us a DM. https://t.co/nIi0t6hUyP",0
19,19,40349928,2022-10-17 15:02:54+00:00,[1582024360734621697],1582024360734621697,"{'retweet_count': 0, 'reply_count': 0, 'like_count': 0, 'quote_count': 0}","@KendraTellah Hi! You're always welcome to contact the drive-in you visited directly and share your feedback. Sorry to hear we disappointed you, Kendra!",0
20,20,40349928,2022-10-17 14:54:46+00:00,[1582022313565835264],1582022313565835264,"{'retweet_count': 0, 'reply_count': 0, 'like_count': 2, 'quote_count': 1}","@funkmastergreg We'll let our product development team know there's interest in bringing it back, Greg!",2
21,21,40349928,2022-10-16 23:28:05+00:00,[1581789105347649537],1581789105347649537,"{'retweet_count': 0, 'reply_count': 0, 'like_count': 0, 'quote_count': 0}",@Micahz28_ Hi Micah! You're always welcome to contact the drive-in you visited directly and share your feedback. Sorry to hear we disappointed you!,0
22,22,40349928,2022-10-16 23:27:41+00:00,[1581789004751462400],1581789004751462400,"{'retweet_count': 0, 'reply_count': 0, 'like_count': 0, 'quote_count': 0}",@alyknits Hi! Send us a DM with some details about your experience? https://t.co/nIi0t6yXAP,0
23,23,40349928,2022-10-16 19:27:46+00:00,[1581728629259907073],1581728629259907073,"{'retweet_count': 0, 'reply_count': 0, 'like_count': 0, 'quote_count': 0}","@eathanmays1220 That's frustrating, we're sorry this happened. Send us a DM? https://t.co/nIi0t6hUyP",0
24,24,40349928,2022-10-16 19:16:57+00:00,[1581725903532400640],1581725903532400640,"{'retweet_count': 1, 'reply_count': 0, 'like_count': 1, 'quote_count': 0}",@Michaeljspikes2 See u soon‚ù§Ô∏èüî•,1
25,25,40349928,2022-10-16 19:16:43+00:00,[1581725845348982786],1581725845348982786,"{'retweet_count': 0, 'reply_count': 0, 'like_count': 0, 'quote_count': 0}",@xxBigDorkxx Got u,0
26,26,40349928,2022-10-16 17:00:01+00:00,[1581691445265764353],1581691445265764353,"{'retweet_count': 11, 'reply_count': 9, 'like_count': 71, 'quote_count': 0}","üó£Ô∏è IT‚ÄôS OKAY TO SLEEP UNTIL NOON üó£Ô∏è
We serve breakfast all day",71
27,27,40349928,2022-10-16 15:00:48+00:00,[1581661444239605761],1581661444239605761,"{'retweet_count': 0, 'reply_count': 0, 'like_count': 0, 'quote_count': 0}",@kelseylraposa We encourage you to contact the drive-in you visited directly about this. We‚Äôre also happy to connect you with our customer care team if you‚Äôll send us a DM. https://t.co/nIi0t6yXAP,0
28,28,40349928,2022-10-16 15:00:01+00:00,[1581661244704317440],1581661244704317440,"{'retweet_count': 0, 'reply_count': 0, 'like_count': 0, 'quote_count': 0}",@Bruhnthony Hi! Have you already spoken with the drive-in about this? We‚Äôre also happy to put you in contact with our customer care team if you‚Äôll send us a DM. https://t.co/nIi0t6hUyP,0
29,29,40349928,2022-10-16 14:54:50+00:00,[1581659941525299203],1581659941525299203,"{'retweet_count': 0, 'reply_count': 1, 'like_count': 0, 'quote_count': 0}","@cassfoz We'll let our product development team know there's interest in bringing them back, Cass!",0
30,30,40349928,2022-10-16 01:11:37+00:00,[1581452771500646400],1581452771500646400,"{'retweet_count': 0, 'reply_count': 0, 'like_count': 0, 'quote_count': 0}","@armanixx4 Oh no! Sorry we kept you waiting, Nadia. We‚Äôd like to connect you with someone from our customer care team. Please DM us! https://t.co/nIi0t6hUyP",0
31,31,40349928,2022-10-15 23:36:40+00:00,[1581428877297012737],1581428877297012737,"{'retweet_count': 0, 'reply_count': 0, 'like_count': 0, 'quote_count': 0}",@CoffeeTrees2 Sorry to hear we disappointed you! You're always welcome to contact the drive-in you visited directly and share your feedback.,0
32,32,40349928,2022-10-15 23:35:52+00:00,[1581428674494361600],1581428674494361600,"{'retweet_count': 0, 'reply_count': 0, 'like_count': 0, 'quote_count': 0}",@TxSteveO Hi Steve! If you're having issues with a specific location we'd love to help. Feel free to send us a DM. https://t.co/nIi0t6hUyP,0
33,33,40349928,2022-10-15 23:33:58+00:00,[1581428198411145216],1581428198411145216,"{'retweet_count': 0, 'reply_count': 0, 'like_count': 0, 'quote_count': 0}",@KateIswell Hi Kate! It's ultimately up to the franchise owner to decide whether or not to participate in Order Ahead. You're always welcome to contact the drive-in directly and share your feedback. We hope this helps!,0
34,34,40349928,2022-10-15 20:46:33+00:00,[1581386064425410560],1581386064425410560,"{'retweet_count': 0, 'reply_count': 0, 'like_count': 0, 'quote_count': 0}",@gingersnapSTU Hi! We do encourage you to contact the drive-in directly and ask to speak with the manager on duty. We‚Äôre also happy to put you in contact with our customer care team if you‚Äôll send us a DM. https://t.co/nIi0t6yXAP,0
35,35,40349928,2022-10-15 19:06:51+00:00,[1581360975403368448],1581360975403368448,"{'retweet_count': 0, 'reply_count': 0, 'like_count': 0, 'quote_count': 0}","@29erKing We are working on options to allow this type of customization in the app, Dee. Stay tuned!",0
36,36,40349928,2022-10-15 19:05:46+00:00,[1581360701524041728],1581360701524041728,"{'retweet_count': 0, 'reply_count': 0, 'like_count': 0, 'quote_count': 0}",@BeauTIFFul_life Oh no! We encourage you to contact the drive-in you visited directly about this. Thanks!,0
37,37,40349928,2022-10-15 19:04:54+00:00,[1581360483713814530],1581360483713814530,"{'retweet_count': 0, 'reply_count': 0, 'like_count': 0, 'quote_count': 0}",@Gross_History Hi! You're always welcome to contact the drive-in you visited directly and share your feedback. Sorry to hear we disappointed you!,0
38,38,40349928,2022-10-15 17:00:00+00:00,[1581329051603566592],1581329051603566592,"{'retweet_count': 11, 'reply_count': 41, 'like_count': 93, 'quote_count': 2}",Who you got? https://t.co/TSinHsdnBI,93
39,39,40349928,2022-10-15 15:54:59+00:00,[1581312689217101824],1581312689217101824,"{'retweet_count': 0, 'reply_count': 1, 'like_count': 0, 'quote_count': 0}",@Tim46023972 Hi Tim! Which drive-in are you referring to?,0
40,40,40349928,2022-10-15 15:21:03+00:00,[1581304152298119173],1581304152298119173,"{'retweet_count': 0, 'reply_count': 0, 'like_count': 0, 'quote_count': 0}","@captncannaKC86 If you're having issues with a specific SONIC location we'd be happy to help, Chris! Feel free to send us a DM or contact the drive-in directly and share your feedback. https://t.co/nIi0t6yXAP",0
41,41,40349928,2022-10-15 15:19:56+00:00,[1581303870894280704],1581303870894280704,"{'retweet_count': 0, 'reply_count': 0, 'like_count': 0, 'quote_count': 0}",@_MsKi2U84 Hi Rakita! You're always welcome to contact the drive-in directly and share your feedback with the manager on duty. Sorry to hear we disappointed you!,0
42,42,40349928,2022-10-15 01:57:48+00:00,[1581102006202413057],1581102006202413057,"{'retweet_count': 0, 'reply_count': 0, 'like_count': 0, 'quote_count': 0}","@MackMagner Oh no! Sorry we kept you waiting, MacKenzie. We‚Äôd like to connect with you someone from our customer care team. Please DM us! https://t.co/nIi0t6hUyP",0
43,43,40349928,2022-10-15 01:57:10+00:00,[1581101846235877377],1581101846235877377,"{'retweet_count': 0, 'reply_count': 0, 'like_count': 0, 'quote_count': 0}",@medievalmvb Hi there! Feel free to contact the drive-in directly and share your feedback. We‚Äôre also happy to put you in contact with our customer care team if you‚Äôll send us a DM. https://t.co/ZDVOvdVUJ0,0
44,44,40349928,2022-10-15 00:20:16+00:00,[1581077460535296005],1581077460535296005,"{'retweet_count': 0, 'reply_count': 0, 'like_count': 0, 'quote_count': 0}",@jorydee You're always welcome to contact the drive-in directly and share your feedback! We‚Äôre also happy to connect you with our customer care team if you‚Äôll send us a DM. https://t.co/nIi0t6yXAP,0
45,45,40349928,2022-10-14 22:20:11+00:00,[1581047242038734849],1581047242038734849,"{'retweet_count': 0, 'reply_count': 0, 'like_count': 0, 'quote_count': 0}",@Itachi_HS We hate disappointing you! Have you already spoken with the drive-in about this? We‚Äôre also happy to put you in contact with our customer care team if you‚Äôll send us a DM. https://t.co/nIi0t6yXAP,0
46,46,40349928,2022-10-14 21:54:30+00:00,[1581040779882942464],1581040779882942464,"{'retweet_count': 0, 'reply_count': 0, 'like_count': 0, 'quote_count': 0}",@txgowan Oh no! We encourage you to contact the drive-in you visited directly about this. Thanks Dale!,0
47,47,40349928,2022-10-14 20:08:20+00:00,[1581014061877116928],1581014061877116928,"{'retweet_count': 0, 'reply_count': 0, 'like_count': 0, 'quote_count': 0}","@dibrahim203350 This isn't what we like to hear, Danny! Send us a DM so we can get you connected with our customer care team? https://t.co/nIi0t6yXAP",0
48,48,40349928,2022-10-14 18:38:57+00:00,[1580991565807644672],1580991565807644672,"{'retweet_count': 0, 'reply_count': 0, 'like_count': 0, 'quote_count': 0}",@Baseclef74 Oh no! Sorry we kept you waiting. We‚Äôd like to connect with you someone from our customer care team. Please DM us! https://t.co/nIi0t6hUyP,0
49,49,40349928,2022-10-14 17:40:21+00:00,[1580976821004210176],1580976821004210176,"{'retweet_count': 0, 'reply_count': 0, 'like_count': 0, 'quote_count': 0}",@WV_TN_DEM If you're having issues with a specific SONIC location we'd be happy to help! Feel free to send us a DM. https://t.co/nIi0t6yXAP,0
50,50,40349928,2022-10-14 17:00:01+00:00,[1580966671065522178],1580966671065522178,"{'retweet_count': 7, 'reply_count': 17, 'like_count': 69, 'quote_count': 0}",Raise your hand if you practice in your head 100 times before going up to order.,69
51,51,40349928,2022-10-14 15:29:55+00:00,[1580943994980532224],1580943994980532224,"{'retweet_count': 0, 'reply_count': 0, 'like_count': 0, 'quote_count': 0}","@DMFrank_ We hate disappointing you, Dustin! Have you already spoken with the drive-in about this? We‚Äôre also happy to put you in contact with our customer care team if you‚Äôll send us a DM. https://t.co/nIi0t6hUyP",0
52,52,40349928,2022-10-14 14:32:27+00:00,[1580929534194393088],1580929534194393088,"{'retweet_count': 0, 'reply_count': 0, 'like_count': 0, 'quote_count': 0}",@catlady_456 We're so sorry to hear this. We‚Äôd like to connect you with our customer care team. Please DM us! https://t.co/nIi0t6yXAP,0
53,53,40349928,2022-10-14 14:28:35+00:00,[1580928558150844417],1580928558150844417,"{'retweet_count': 0, 'reply_count': 0, 'like_count': 0, 'quote_count': 0}","@sleepyunic0rn We hate disappointing you, Stephanie! This was a limited-time menu item. We'll let our product development team know there's interest in bringing it to the permanent menu!",0
54,54,40349928,2022-10-14 00:41:51+00:00,[1580720505073516545],1580720505073516545,"{'retweet_count': 0, 'reply_count': 0, 'like_count': 0, 'quote_count': 0}",@Em_Panchita That's a long time to wait and we apologize. Will you send us a DM? https://t.co/nIi0t6yXAP,0
55,55,40349928,2022-10-14 00:37:27+00:00,[1580719396120502274],1580719396120502274,"{'retweet_count': 0, 'reply_count': 0, 'like_count': 0, 'quote_count': 0}",@TimZaleski Hi Tim! You're always welcome to contact the drive-in directly and share your feedback with the manager on duty. We apologize for any frustration!,0
56,56,40349928,2022-10-13 23:50:18+00:00,[1580707532682952704],1580707532682952704,"{'retweet_count': 0, 'reply_count': 0, 'like_count': 0, 'quote_count': 0}",@ThatGuyGlobal Hi! We're so sorry to hear you're having issues with the app. Can you give us some additional detail about what you're experiencing?,0
57,57,40349928,2022-10-13 22:39:39+00:00,[1580689753854599169],1580689753854599169,"{'retweet_count': 0, 'reply_count': 0, 'like_count': 0, 'quote_count': 0}","@alancjohnston Sorry we kept you waiting, Alan! You‚Äôre always welcome to contact the drive-in you visited directly to connect with the manager on duty or use one of the resolution channels we‚Äôve previously provided to you via DM. Thank you!",0
58,58,40349928,2022-10-13 21:24:29+00:00,[1580670835492151297],1580670835492151297,"{'retweet_count': 0, 'reply_count': 1, 'like_count': 0, 'quote_count': 0}","@Forsaek That's a long time to wait and we apologize, Kaleb. Will you send us a DM? https://t.co/nIi0t6yXAP",0
59,59,40349928,2022-10-13 20:13:16+00:00,[1580652912883429376],1580652912883429376,"{'retweet_count': 0, 'reply_count': 0, 'like_count': 0, 'quote_count': 0}",@mattjcote Hi Matt! You're always welcome to contact the drive-in directly and share your feedback with the manager on duty. We apologize for any frustration!,0
60,60,40349928,2022-10-13 19:47:49+00:00,[1580646508323811329],1580646508323811329,"{'retweet_count': 0, 'reply_count': 0, 'like_count': 0, 'quote_count': 0}","@sunmourn We apologize for any frustration, Xanarrissa! Prices of menu items are set by franchise owners. We hope this helps!",0
61,61,40349928,2022-10-13 17:48:17+00:00,[1580616428323221505],1580616428323221505,"{'retweet_count': 0, 'reply_count': 1, 'like_count': 1, 'quote_count': 0}","@Jellyfish_Salt We'll let our product development team know there's interest in bringing it back, Kara!",1
62,62,40349928,2022-10-13 17:39:30+00:00,[1580614218708942848],1580614218708942848,"{'retweet_count': 0, 'reply_count': 0, 'like_count': 2, 'quote_count': 0}","@techiebritt We hate disappointing you, Brittany! This was a limited-time menu item. We'll let our product development team know there's interest in bringing it to the permanent menu!",2
63,63,40349928,2022-10-13 15:53:10+00:00,[1580587457380487170],1580587457380487170,"{'retweet_count': 0, 'reply_count': 0, 'like_count': 0, 'quote_count': 0}","@KandidlyKrys We‚Äôre so sorry to hear this! If you have any issues getting in contact with the store directly or speaking with a manager on duty, feel free to send us a DM and we‚Äôll get you connected with our customer care team. https://t.co/nIi0t6hUyP",0
64,64,40349928,2022-10-13 14:39:08+00:00,[1580568828676698112],1580568828676698112,"{'retweet_count': 0, 'reply_count': 0, 'like_count': 0, 'quote_count': 0}","@cheesegrill1 Hi there, Nicole! Feel free to contact the drive-in directly and share your feedback. We‚Äôre also happy to put you in contact with our customer care team if you‚Äôll send us a DM. https://t.co/ZDVOvdDLuS",0
65,65,40349928,2022-10-13 14:38:36+00:00,[1580568692517089280],1580568692517089280,"{'retweet_count': 0, 'reply_count': 0, 'like_count': 1, 'quote_count': 0}",@Mariana_Felipe_ Oh no! We encourage you to contact the drive-in you visited directly about this. Thanks Mariana!,1
66,48,40349928,2022-10-13 01:37:02+00:00,['1580372004787494912'],1580372004787494912,"{'retweet_count': 0, 'reply_count': 0, 'like_count': 1, 'quote_count': 0}","@KirstynAlex We'll let our product development team know there's interest in bringing them back, Alexandra!",1
67,49,40349928,2022-10-13 01:17:14+00:00,['1580367023892156417'],1580367023892156417,"{'retweet_count': 0, 'reply_count': 0, 'like_count': 0, 'quote_count': 0}",@_jaminonda1_ That's a long time to wait and we apologize. Will you send us a DM? https://t.co/nIi0t6yXAP,0
68,50,40349928,2022-10-13 00:03:08+00:00,['1580348373928153088'],1580348373928153088,"{'retweet_count': 0, 'reply_count': 0, 'like_count': 0, 'quote_count': 0}",@Mr_J58 Hi Greg! You're always welcome to contact the drive-in you visited directly and share your feedback. Sorry to hear we disappointed you!,0
69,51,40349928,2022-10-12 22:19:15+00:00,['1580322232315674624'],1580322232315674624,"{'retweet_count': 0, 'reply_count': 0, 'like_count': 0, 'quote_count': 0}","@xxmissmaddie We hate disappointing you, Madelyn! Have you already spoken with the drive-in about this? We‚Äôre also happy to put you in contact with our customer care team if you‚Äôll send us a DM. https://t.co/nIi0t6yXAP",0
70,52,40349928,2022-10-12 22:18:02+00:00,['1580321925993099264'],1580321925993099264,"{'retweet_count': 0, 'reply_count': 0, 'like_count': 0, 'quote_count': 0}","@meponder Hi there, Mark! Feel free to contact the drive-in directly and share your feedback. We‚Äôre also happy to put you in contact with our customer care team if you‚Äôll send us a DM. https://t.co/ZDVOvdDLuS",0
71,53,40349928,2022-10-12 21:53:36+00:00,['1580315775738728448'],1580315775738728448,"{'retweet_count': 0, 'reply_count': 0, 'like_count': 0, 'quote_count': 0}","@colourmegold9 Thank you for calling us, Da≈Ñae! Someone from the drive-in should be following up with you within a few days. Please feel free to DM us if you don't hear from anyone.",0
72,54,40349928,2022-10-12 20:40:22+00:00,['1580297345195216896'],1580297345195216896,"{'retweet_count': 0, 'reply_count': 1, 'like_count': 0, 'quote_count': 0}","@HelenaJ99755120 Thanks for being such a dedicated fan, Helena! We'll pass your recommendation along to our real estate team.",0
73,55,40349928,2022-10-12 20:39:53+00:00,['1580297224658989056'],1580297224658989056,"{'retweet_count': 0, 'reply_count': 0, 'like_count': 0, 'quote_count': 0}","@RonLinkins You're always welcome to contact the drive-in directly and share your feedback. We‚Äôre also happy to connect you with our customer care team if you‚Äôll send us a DM, Ronald. https://t.co/nIi0t6yXAP",0
74,56,40349928,2022-10-12 20:38:53+00:00,['1580296972275052544'],1580296972275052544,"{'retweet_count': 0, 'reply_count': 0, 'like_count': 0, 'quote_count': 0}",@MollyTruj Oh no! We encourage you to contact the drive-in you visited directly about this. Thanks Molly!,0
75,57,40349928,2022-10-12 19:32:45+00:00,['1580280329285566464'],1580280329285566464,"{'retweet_count': 0, 'reply_count': 0, 'like_count': 0, 'quote_count': 0}",@hayderzgonhate Hi Hayden! We recommend contacting your local SONIC directly for the most up-to-date information on brands. Thank you!,0
76,58,40349928,2022-10-12 18:26:26+00:00,['1580263641370148864'],1580263641370148864,"{'retweet_count': 0, 'reply_count': 0, 'like_count': 0, 'quote_count': 0}",@MuZLpheonix We hate disappointing you! Have you already spoken with the drive-in about this? We‚Äôre also happy to put you in contact with our customer care team if you‚Äôll send us a DM. https://t.co/nIi0t6yXAP,0
77,59,40349928,2022-10-12 17:00:01+00:00,['1580241892037611522'],1580241892037611522,"{'retweet_count': 8, 'reply_count': 12, 'like_count': 62, 'quote_count': 0}",Today I woke up and chose FRYlence,62
78,60,40349928,2022-10-12 14:47:56+00:00,['1580208652610568193'],1580208652610568193,"{'retweet_count': 0, 'reply_count': 0, 'like_count': 0, 'quote_count': 0}",@Jen_Hughes12207 We apologize for any frustration. Our app team would love to look into this. Will you submit a ticket via the Support section in the SONIC app? Thanks!,0
79,61,40349928,2022-10-12 14:24:38+00:00,['1580202789124599809'],1580202789124599809,"{'retweet_count': 0, 'reply_count': 0, 'like_count': 0, 'quote_count': 0}",@kellsbells_22 This isn't what we like to hear! Thanks for reaching out. We do encourage you to contact the drive-in directly and ask to speak with the manager on duty. We‚Äôre also happy to put you in contact with our customer care team if you‚Äôll send us a DM. https://t.co/nIi0t6hUyP,0
80,62,40349928,2022-10-12 14:23:22+00:00,['1580202471007191040'],1580202471007191040,"{'retweet_count': 0, 'reply_count': 0, 'like_count': 0, 'quote_count': 0}",@PhillyEagles10 Oh no! Sorry we kept you waiting. We‚Äôd like to connect with you someone from our customer care team. Please DM us! https://t.co/nIi0t6yXAP,0
81,63,40349928,2022-10-12 14:21:20+00:00,['1580201958593335296'],1580201958593335296,"{'retweet_count': 0, 'reply_count': 0, 'like_count': 1, 'quote_count': 0}",@ParadoxicalTy We hate disappointing you! Have you already spoken with the drive-in about this? We‚Äôre also happy to put you in contact with our customer care team if you‚Äôll send us a DM. https://t.co/nIi0t6yXAP,1
82,64,40349928,2022-10-12 14:18:42+00:00,['1580201298548645889'],1580201298548645889,"{'retweet_count': 0, 'reply_count': 0, 'like_count': 0, 'quote_count': 0}","@Burkster15 Cayden, we‚Äôre so sorry to hear this! If you have any issues getting in contact with the store directly or speaking with a manager on duty, feel free to send us a DM and we‚Äôll get you connected with our customer care team. https://t.co/nIi0t6hUyP",0
83,65,40349928,2022-10-12 14:17:11+00:00,['1580200913536356352'],1580200913536356352,"{'retweet_count': 0, 'reply_count': 0, 'like_count': 0, 'quote_count': 0}","@FatherActivist Oh no, we hate to disappoint you like this! We do encourage you to contact the drive-in directly and ask to speak with the manager on duty. We‚Äôre also happy to put you in contact with our customer care team if you‚Äôll send us a DM. https://t.co/nIi0t6yXAP",0
84,66,40349928,2022-10-12 14:15:02+00:00,['1580200374480560128'],1580200374480560128,"{'retweet_count': 0, 'reply_count': 0, 'like_count': 0, 'quote_count': 0}",@OGBeeFarmr Thanks for being such a dedicated fan! We'll pass your recommendation along to our real estate team.,0
85,67,40349928,2022-10-12 14:13:52+00:00,['1580200078932705282'],1580200078932705282,"{'retweet_count': 0, 'reply_count': 0, 'like_count': 0, 'quote_count': 0}","@ThatOtherAlcala That's frustrating, we're sorry this happened. Send us a DM? https://t.co/nIi0t6yXAP",0
86,68,40349928,2022-10-12 00:58:09+00:00,['1579999833645006848'],1579999833645006848,"{'retweet_count': 0, 'reply_count': 0, 'like_count': 0, 'quote_count': 0}",@DesignJives This isn't what we like to hear! Send us a DM so we can get you connected with our customer care team? https://t.co/nIi0t6hmJh,0
87,69,40349928,2022-10-12 00:33:33+00:00,['1579993638855213058'],1579993638855213058,"{'retweet_count': 0, 'reply_count': 0, 'like_count': 0, 'quote_count': 0}",@dallan_thomas Oh no! We encourage you to contact the drive-in you visited directly about this. Thanks!,0
88,70,40349928,2022-10-12 00:32:45+00:00,['1579993438166155264'],1579993438166155264,"{'retweet_count': 0, 'reply_count': 0, 'like_count': 0, 'quote_count': 0}","@m_denen Mike, we do encourage you to contact the drive-in directly and ask to speak with the manager on duty. We‚Äôre also happy to put you in contact with our customer care team if you‚Äôll send us a DM. https://t.co/nIi0t6hmJh",0
89,71,40349928,2022-10-12 00:26:41+00:00,['1579991912404189184'],1579991912404189184,"{'retweet_count': 0, 'reply_count': 1, 'like_count': 0, 'quote_count': 0}",@Not_urcupoftee Hi! You're always welcome to contact the drive-in directly and share your feedback with the manager on duty. We apologize for any frustration!,0
90,72,40349928,2022-10-12 00:26:10+00:00,['1579991781088821248'],1579991781088821248,"{'retweet_count': 0, 'reply_count': 1, 'like_count': 0, 'quote_count': 0}",@ceek77 Hi! Which location was this?,0
91,73,40349928,2022-10-12 00:22:46+00:00,['1579990928940584961'],1579990928940584961,"{'retweet_count': 0, 'reply_count': 0, 'like_count': 2, 'quote_count': 0}",@ProsecutorsPod This isn't what we like to hear. Send us a DM with some details about your experience? https://t.co/nIi0t6hmJh,2
92,74,40349928,2022-10-11 23:59:43+00:00,['1579985127475748864'],1579985127475748864,"{'retweet_count': 0, 'reply_count': 0, 'like_count': 0, 'quote_count': 0}",@tropicanaHammer Hi! You're always welcome to contact the drive-in directly and share your feedback. We‚Äôre also happy to connect you with our customer care team if you‚Äôll send us a DM. https://t.co/nIi0t6hmJh,0
93,75,40349928,2022-10-11 23:58:21+00:00,['1579984783337136128'],1579984783337136128,"{'retweet_count': 0, 'reply_count': 0, 'like_count': 0, 'quote_count': 0}",@yanceyyparsonn If you're having issues with a specific SONIC location we'd be happy to help! Feel free to send us a DM or contact the drive-in directly and share your feedback. https://t.co/nIi0t6yXAP,0
94,76,40349928,2022-10-11 23:56:00+00:00,['1579984190027988992'],1579984190027988992,"{'retweet_count': 0, 'reply_count': 1, 'like_count': 0, 'quote_count': 0}",@BlueXAndAaron Hi! You're always welcome to contact the drive-in you visited directly and share your feedback. Sorry to hear we disappointed you!,0
95,77,40349928,2022-10-11 23:55:35+00:00,['1579984087585984512'],1579984087585984512,"{'retweet_count': 0, 'reply_count': 0, 'like_count': 0, 'quote_count': 0}","@taylormvccm That's a long time to wait and we apologize, Morgan. Will you send us a DM? https://t.co/nIi0t6yXAP",0
96,78,40349928,2022-10-11 21:48:47+00:00,['1579952177216630784'],1579952177216630784,"{'retweet_count': 0, 'reply_count': 1, 'like_count': 2, 'quote_count': 0}",@Hot_Wheels Just trying to keep you on your toes!,2
97,79,40349928,2022-10-11 19:08:49+00:00,['1579911918810058752'],1579911918810058752,"{'retweet_count': 0, 'reply_count': 0, 'like_count': 0, 'quote_count': 0}",@Flyerboy33 Hi Braden! We'll let our product development team know there's interest in bringing it back!,0
98,80,40349928,2022-10-11 17:18:55+00:00,['1579884261133676550'],1579884261133676550,"{'retweet_count': 0, 'reply_count': 0, 'like_count': 0, 'quote_count': 0}",@imshmannz We'll let our product development team know there's interest in bringing it back!,0
99,81,40349928,2022-10-11 14:58:19+00:00,['1579848878601670661'],1579848878601670661,"{'retweet_count': 0, 'reply_count': 0, 'like_count': 0, 'quote_count': 0}",@The_TyeBox We apologize for any frustration. Our app team would love to look into this. Will you submit a ticket via the Support section in the SONIC app? Thanks!,0
100,82,40349928,2022-10-11 01:59:51+00:00,['1579652969930190849'],1579652969930190849,"{'retweet_count': 0, 'reply_count': 0, 'like_count': 0, 'quote_count': 0}","@calebgwebb That's frustrating, we're sorry this happened. Send us a DM? https://t.co/nIi0t6yXAP",0
101,83,40349928,2022-10-11 00:54:51+00:00,['1579636611385810944'],1579636611385810944,"{'retweet_count': 0, 'reply_count': 1, 'like_count': 0, 'quote_count': 0}",@shxyk47 We hate disappointing you like this! Send us a DM so we can connect you with our customer care team? https://t.co/nIi0t6hUyP,0
102,84,40349928,2022-10-10 21:37:51+00:00,['1579587035731402753'],1579587035731402753,"{'retweet_count': 0, 'reply_count': 1, 'like_count': 0, 'quote_count': 0}","@sophieannejack Oh no! Thanks for letting us know, Soph. We‚Äôd like to connect you with our customer care team. Please DM us! https://t.co/nIi0t6yXAP",0
103,85,40349928,2022-10-10 21:15:13+00:00,['1579581339690741760'],1579581339690741760,"{'retweet_count': 0, 'reply_count': 0, 'like_count': 0, 'quote_count': 0}",@MerrittJones3 Oh no! Sorry we kept you waiting. We‚Äôd like to connect with you someone from our customer care team. Please DM us! https://t.co/nIi0t6hUyP,0
104,86,40349928,2022-10-10 20:02:25+00:00,['1579563019352576000'],1579563019352576000,"{'retweet_count': 0, 'reply_count': 0, 'like_count': 1, 'quote_count': 0}",@w1neinbathtub Hi Jillian! Send us a DM with some details about your experience? https://t.co/nIi0t6hUyP,1
105,87,40349928,2022-10-10 19:49:35+00:00,['1579559792234094592'],1579559792234094592,"{'retweet_count': 0, 'reply_count': 0, 'like_count': 0, 'quote_count': 0}",@SneakyFenix Hi! Feel free to submit a ticket to our team via the Support section in the SONIC app or online. They're available 24/7. Thank you!,0
106,88,40349928,2022-10-10 19:47:02+00:00,['1579559146851999744'],1579559146851999744,"{'retweet_count': 0, 'reply_count': 0, 'like_count': 0, 'quote_count': 0}",@sunseedssiriusb Hi! You're always welcome to contact the drive-in you visited directly and share your feedback. Sorry to hear we disappointed you!,0
107,0,40349928,2022-10-20 22:22:18+00:00,['1583222101351092225'],1583222101351092225,"{'retweet_count': 0, 'reply_count': 0, 'like_count': 0, 'quote_count': 0}",@2A_AndyD Oh no! We encourage you to contact the drive-in you visited directly about this. Thanks!,0
108,1,40349928,2022-10-20 19:05:23+00:00,['1583172547155472384'],1583172547155472384,"{'retweet_count': 0, 'reply_count': 0, 'like_count': 0, 'quote_count': 0}",@_beanie_weenie Hi Glenna! Please follow this link to find information about SONIC franchising: https://t.co/lS31tLR37D. We hope this helps!,0
109,2,40349928,2022-10-20 17:57:39+00:00,['1583155500216365056'],1583155500216365056,"{'retweet_count': 0, 'reply_count': 0, 'like_count': 0, 'quote_count': 0}","@kaysssie Hi, we'd like to investigate this and put you in contact with our customer care team. Please send us a DM. https://t.co/nIi0t6hUyP",0
110,3,40349928,2022-10-20 16:45:19+00:00,['1583137295011807234'],1583137295011807234,"{'retweet_count': 0, 'reply_count': 0, 'like_count': 0, 'quote_count': 0}",@MrsPretzel8 If you're having issues with a specific location we'd love to help. Feel free to send us a DM. https://t.co/nIi0t6hUyP,0
111,4,40349928,2022-10-20 15:09:39+00:00,['1583113219861712898'],1583113219861712898,"{'retweet_count': 0, 'reply_count': 0, 'like_count': 0, 'quote_count': 0}","@JZS9919 This is totally unacceptable, please DM us. https://t.co/nIi0t6yXAP",0
112,5,40349928,2022-10-20 14:38:18+00:00,['1583105330002931714'],1583105330002931714,"{'retweet_count': 0, 'reply_count': 0, 'like_count': 0, 'quote_count': 0}","@MisutaaAsriel We hate disappointing you, Asriel! We'll let our product development team know there's interest in bringing it back.",0
113,6,40349928,2022-10-20 14:24:39+00:00,['1583101897094795265'],1583101897094795265,"{'retweet_count': 0, 'reply_count': 0, 'like_count': 0, 'quote_count': 0}",@dtxrob1 Oh no! Sorry about that. Send us a DM? https://t.co/nIi0t6yXAP,0
114,7,40349928,2022-10-20 14:23:57+00:00,['1583101722519822336'],1583101722519822336,"{'retweet_count': 0, 'reply_count': 0, 'like_count': 0, 'quote_count': 0}",@fckntejacobs That is unacceptable and we apologize. Please send us a DM so we can put you in contact with our customer care team. https://t.co/nIi0t6hUyP,0
115,8,40349928,2022-10-20 14:23:26+00:00,['1583101591787253760'],1583101591787253760,"{'retweet_count': 0, 'reply_count': 0, 'like_count': 0, 'quote_count': 0}","@KevinConstant5 If you're having issues with a specific SONIC location we'd be happy to help, Kevin! Feel free to send us a DM. https://t.co/nIi0t6yXAP",0
116,9,40349928,2022-10-20 14:22:41+00:00,['1583101403865968641'],1583101403865968641,"{'retweet_count': 0, 'reply_count': 1, 'like_count': 0, 'quote_count': 0}","@waterwbottle We hate to disappoint you, Jojo! Sometimes we have to retire menu items to make way for the new products our innovators are creating, but it doesn't mean it has to be gone forever. We'll let them know there's interest in bringing them back!",0
117,10,40349928,2022-10-20 14:22:05+00:00,['1583101250400555008'],1583101250400555008,"{'retweet_count': 0, 'reply_count': 0, 'like_count': 0, 'quote_count': 0}",@devilsbabymama We hate disappointing you! This was a limited-time menu item. We'll let our product development team know there's interest in bringing them to the permanent menu!,0
118,11,40349928,2022-10-20 14:21:27+00:00,['1583101090786324482'],1583101090786324482,"{'retweet_count': 0, 'reply_count': 0, 'like_count': 0, 'quote_count': 0}","@FonoPrime Oh no! Sorry we kept you waiting, Joshua. We‚Äôd like to connect you with someone from our customer care team. Please DM us! https://t.co/nIi0t6hUyP",0
119,12,40349928,2022-10-20 14:20:54+00:00,['1583100951660929026'],1583100951660929026,"{'retweet_count': 0, 'reply_count': 0, 'like_count': 0, 'quote_count': 0}","@INDlVlDUALIST We‚Äôre so sorry to hear this! If you have any issues getting in contact with the store directly or speaking with a manager on duty, feel free to send us a DM and we‚Äôll get you connected with our customer care team. https://t.co/nIi0t6yXAP",0
